job_id,employment_type,average_salary,benefits,remote,job_posting_url,posting_date,closing_date
0,Full-time,75499,"Gym membership, Health insurance, Vision insurance",True,http://hines-white.com/,12/25/2024,12/26/2024
1,Contract,56968,"Health insurance, Dental insurance, Professional development assistance",False,http://www.perez-martinez.com/,12/25/2024,12/26/2024
2,Internship,119903,"Remote work options, Professional development assistance, Childcare benefits",False,https://thomas.com/,12/25/2024,12/26/2024
3,Full-time,103989,"Remote work options, Professional development assistance, Childcare benefits",False,https://www.liu.net/,12/25/2024,12/26/2024
4,Internship,77611,"Remote work options, Professional development assistance, Childcare benefits",True,https://www.hull.com/,12/25/2024,12/26/2024
5,Internship,98638,"Paid time off, Retirement plan, Parental leave",True,http://www.watson.info/,12/25/2024,12/26/2024
6,Part-time,138705,"Remote work options, Professional development assistance, Childcare benefits",True,https://www.gutierrez.biz/,12/25/2024,12/26/2024
7,Part-time,106606,"Paid time off, Retirement plan, Parental leave",True,https://brown-macdonald.biz/,12/25/2024,12/26/2024
8,Contract,119282,"Remote work options, Professional development assistance, Childcare benefits",False,http://www.rose.com/,12/25/2024,12/26/2024
9,Full-time,56662,"Remote work options, Professional development assistance, Childcare benefits",False,https://www.lopez-gilbert.biz/,12/25/2024,12/26/2024
10,Contract,139647,"Health insurance, Dental insurance, Professional development assistance",True,https://www.jones-zamora.info/,12/25/2024,12/26/2024
11,Contract,121687,"Remote work options, Professional development assistance, Childcare benefits",True,http://www.stevenson-sullivan.com/,12/25/2024,12/26/2024
12,Part-time,46947,"Remote work options, Professional development assistance, Childcare benefits",True,https://www.wagner.com/,12/25/2024,12/26/2024
13,Full-time,90311,"Gym membership, Health insurance, Vision insurance",False,http://www.steele.com/,12/25/2024,12/26/2024
14,Part-time,49906,"Health insurance, Dental insurance, Professional development assistance",False,http://www.mcguire-hunt.com/,12/25/2024,12/26/2024
15,Full-time,91365,"Remote work options, Professional development assistance, Childcare benefits",True,https://lang.com/,12/25/2024,12/26/2024
16,Full-time,92154,"Paid time off, Retirement plan, Parental leave",False,https://www.cox-sutton.info/,12/25/2024,12/26/2024
17,Internship,92296,"Remote work options, Professional development assistance, Childcare benefits",True,http://www.farmer.com/,12/25/2024,12/26/2024
18,Internship,116960,"Remote work options, Professional development assistance, Childcare benefits",False,http://www.palmer.biz/,12/25/2024,12/26/2024
19,Part-time,99989,"Paid time off, Retirement plan, Parental leave",True,https://www.cruz.biz/,12/25/2024,12/26/2024
20,Contract,57145,"Gym membership, Health insurance, Vision insurance",False,http://www.hobbs.info/,12/25/2024,12/26/2024
21,Internship,141230,"Health insurance, Dental insurance, Professional development assistance",True,http://shelton.com/,12/25/2024,12/26/2024
22,Contract,123758,"Health insurance, Dental insurance, Professional development assistance",False,https://www.anderson.com/,12/25/2024,12/26/2024
23,Contract,148354,"Paid time off, Retirement plan, Parental leave",True,https://landry.com/,12/25/2024,12/26/2024
24,Contract,104860,"Remote work options, Professional development assistance, Childcare benefits",True,https://www.russo-gordon.com/,12/25/2024,12/26/2024
25,Part-time,62724,"Health insurance, Dental insurance, Professional development assistance",True,http://avery.org/,12/25/2024,12/26/2024
26,Contract,54579,"Remote work options, Professional development assistance, Childcare benefits",True,https://www.brown.com/,12/25/2024,12/26/2024
27,Contract,74081,"Paid time off, Retirement plan, Parental leave",False,https://barnes.biz/,12/25/2024,12/26/2024
28,Contract,106180,"Paid time off, Retirement plan, Parental leave",False,https://www.park-rollins.com/,12/25/2024,12/26/2024
29,Contract,64167,"Remote work options, Professional development assistance, Childcare benefits",True,https://www.wagner-smith.com/,12/25/2024,12/26/2024
30,Internship,96815,"Gym membership, Health insurance, Vision insurance",False,https://jackson.info/,12/25/2024,12/26/2024
31,Contract,48693,"Gym membership, Health insurance, Vision insurance",True,http://carpenter.com/,12/25/2024,12/26/2024
32,Contract,75052,"Paid time off, Retirement plan, Parental leave",True,https://www.miller.org/,12/25/2024,12/26/2024
33,Full-time,140177,"Gym membership, Health insurance, Vision insurance",True,https://good.biz/,12/25/2024,12/26/2024
34,Full-time,118471,"Gym membership, Health insurance, Vision insurance",False,https://lawrence.info/,12/25/2024,12/26/2024
35,Internship,62716,"Health insurance, Dental insurance, Professional development assistance",True,https://friedman.biz/,12/25/2024,12/26/2024
36,Part-time,64129,"Remote work options, Professional development assistance, Childcare benefits",False,http://www.martin-young.com/,12/25/2024,12/26/2024
37,Internship,133417,"Paid time off, Retirement plan, Parental leave",False,http://www.harrison.org/,12/25/2024,12/26/2024
38,Internship,86130,"Remote work options, Professional development assistance, Childcare benefits",True,https://russell.com/,12/25/2024,12/26/2024
39,Contract,138428,"Health insurance, Dental insurance, Professional development assistance",False,https://www.williams.biz/,12/25/2024,12/26/2024
40,Full-time,53724,"Health insurance, Dental insurance, Professional development assistance",True,https://www.burnett.com/,12/25/2024,12/26/2024
41,Part-time,138291,"Health insurance, Dental insurance, Professional development assistance",False,https://anderson.biz/,12/25/2024,12/26/2024
42,Full-time,53964,"Health insurance, Dental insurance, Professional development assistance",False,http://www.stewart.net/,12/25/2024,12/26/2024
43,Contract,70567,"Health insurance, Dental insurance, Professional development assistance",True,http://www.hansen.com/,12/25/2024,12/26/2024
44,Internship,89549,"Paid time off, Retirement plan, Parental leave",True,https://clark.org/,12/25/2024,12/26/2024
45,Part-time,78294,"Paid time off, Retirement plan, Parental leave",False,https://www.mcdonald.com/,12/25/2024,12/26/2024
46,Part-time,44306,"Health insurance, Dental insurance, Professional development assistance",False,https://www.clark.info/,12/25/2024,12/26/2024
47,Full-time,116663,"Health insurance, Dental insurance, Professional development assistance",True,http://long-anderson.com/,12/25/2024,12/26/2024
48,Part-time,116399,"Paid time off, Retirement plan, Parental leave",False,https://lamb.biz/,12/25/2024,12/26/2024
49,Contract,62754,"Remote work options, Professional development assistance, Childcare benefits",True,http://simmons-hammond.net/,12/25/2024,12/26/2024
50,Full-time,75702,"Gym membership, Health insurance, Vision insurance",True,https://ray-palmer.net/,12/25/2024,12/26/2024
51,Full-time,130462,"Remote work options, Professional development assistance, Childcare benefits",True,https://www.smith.com/,12/25/2024,12/26/2024
52,Contract,145218,"Remote work options, Professional development assistance, Childcare benefits",True,http://www.lewis.info/,12/25/2024,12/26/2024
53,Internship,123735,"Gym membership, Health insurance, Vision insurance",False,http://www.jones.com/,12/25/2024,12/26/2024
54,Internship,140384,"Health insurance, Dental insurance, Professional development assistance",False,http://www.romero-decker.net/,12/25/2024,12/26/2024
55,Internship,129619,"Health insurance, Dental insurance, Professional development assistance",True,https://peters.com/,12/25/2024,12/26/2024
56,Part-time,48269,"Paid time off, Retirement plan, Parental leave",False,http://simmons.com/,12/25/2024,12/26/2024
57,Full-time,62123,"Health insurance, Dental insurance, Professional development assistance",True,http://www.tyler.com/,12/25/2024,12/26/2024
58,Part-time,149573,"Remote work options, Professional development assistance, Childcare benefits",False,https://www.sutton.com/,12/25/2024,12/26/2024
59,Internship,134103,"Remote work options, Professional development assistance, Childcare benefits",False,http://www.clark.org/,12/25/2024,12/26/2024
60,Contract,75710,"Health insurance, Dental insurance, Professional development assistance",False,http://www.hicks-cruz.com/,12/25/2024,12/26/2024
61,Internship,73474,"Remote work options, Professional development assistance, Childcare benefits",True,http://www.white-jackson.com/,12/25/2024,12/26/2024
62,Part-time,85546,"Health insurance, Dental insurance, Professional development assistance",True,https://www.barnes.com/,12/25/2024,12/26/2024
63,Full-time,124167,"Paid time off, Retirement plan, Parental leave",True,http://www.miller.com/,12/25/2024,12/26/2024
64,Contract,107719,"Gym membership, Health insurance, Vision insurance",False,http://contreras.com/,12/25/2024,12/26/2024
65,Part-time,49427,"Gym membership, Health insurance, Vision insurance",False,https://harper.com/,12/25/2024,12/26/2024
66,Internship,51202,"Health insurance, Dental insurance, Professional development assistance",False,http://www.carr.org/,12/25/2024,12/26/2024
67,Part-time,80592,"Health insurance, Dental insurance, Professional development assistance",True,http://www.greene.info/,12/25/2024,12/26/2024
68,Part-time,132058,"Gym membership, Health insurance, Vision insurance",True,https://griffith.com/,12/25/2024,12/26/2024
69,Part-time,124465,"Remote work options, Professional development assistance, Childcare benefits",True,http://www.williams-rogers.net/,12/25/2024,12/26/2024
70,Internship,89580,"Health insurance, Dental insurance, Professional development assistance",True,http://www.flores.info/,12/25/2024,12/26/2024
71,Contract,147188,"Remote work options, Professional development assistance, Childcare benefits",True,https://www.mendez.com/,12/25/2024,12/26/2024
72,Internship,103227,"Paid time off, Retirement plan, Parental leave",False,http://www.castro-allen.info/,12/25/2024,12/26/2024
73,Contract,89425,"Health insurance, Dental insurance, Professional development assistance",True,https://morris-sims.com/,12/25/2024,12/26/2024
74,Internship,114889,"Gym membership, Health insurance, Vision insurance",False,http://www.browning.com/,12/25/2024,12/26/2024
75,Part-time,84093,"Remote work options, Professional development assistance, Childcare benefits",False,https://www.brown-turner.com/,12/25/2024,12/26/2024
76,Part-time,73826,"Gym membership, Health insurance, Vision insurance",True,http://www.liu.com/,12/25/2024,12/26/2024
77,Part-time,81630,"Paid time off, Retirement plan, Parental leave",False,https://www.bush-smith.com/,12/25/2024,12/26/2024
78,Contract,149842,"Gym membership, Health insurance, Vision insurance",True,http://www.compton.org/,12/25/2024,12/26/2024
79,Part-time,77170,"Gym membership, Health insurance, Vision insurance",True,http://mccoy.com/,12/25/2024,12/26/2024
80,Internship,79400,"Health insurance, Dental insurance, Professional development assistance",False,https://www.jones.com/,12/25/2024,12/26/2024
81,Full-time,144132,"Paid time off, Retirement plan, Parental leave",False,http://www.snyder.com/,12/25/2024,12/26/2024
82,Part-time,137345,"Health insurance, Dental insurance, Professional development assistance",False,http://www.clark-baker.com/,12/25/2024,12/26/2024
83,Internship,50137,"Health insurance, Dental insurance, Professional development assistance",False,http://garrett.com/,12/25/2024,12/26/2024
84,Full-time,99356,"Health insurance, Dental insurance, Professional development assistance",True,https://mason-cordova.info/,12/25/2024,12/26/2024
85,Full-time,108195,"Health insurance, Dental insurance, Professional development assistance",True,http://www.barker.net/,12/25/2024,12/26/2024
86,Part-time,65579,"Gym membership, Health insurance, Vision insurance",True,http://scott-graves.com/,12/25/2024,12/26/2024
87,Internship,116230,"Health insurance, Dental insurance, Professional development assistance",False,https://www.chavez-rodriguez.biz/,12/25/2024,12/26/2024
88,Part-time,144244,"Remote work options, Professional development assistance, Childcare benefits",False,https://www.lewis-sanchez.info/,12/25/2024,12/26/2024
89,Contract,125781,"Health insurance, Dental insurance, Professional development assistance",False,http://moore-mcconnell.com/,12/25/2024,12/26/2024
90,Full-time,51989,"Paid time off, Retirement plan, Parental leave",False,http://www.green.com/,12/25/2024,12/26/2024
91,Internship,120209,"Paid time off, Retirement plan, Parental leave",False,http://www.nguyen-briggs.net/,12/25/2024,12/26/2024
92,Part-time,110475,"Remote work options, Professional development assistance, Childcare benefits",True,http://www.garcia.biz/,12/25/2024,12/26/2024
93,Full-time,133166,"Remote work options, Professional development assistance, Childcare benefits",True,http://www.mcdonald.net/,12/25/2024,12/26/2024
94,Contract,112818,"Remote work options, Professional development assistance, Childcare benefits",False,https://www.adams.com/,12/25/2024,12/26/2024
95,Part-time,102686,"Gym membership, Health insurance, Vision insurance",False,https://love.info/,12/25/2024,12/26/2024
96,Full-time,97159,"Paid time off, Retirement plan, Parental leave",False,https://harrison-lewis.info/,12/25/2024,12/26/2024
97,Full-time,63710,"Paid time off, Retirement plan, Parental leave",False,https://wilson.net/,12/25/2024,12/26/2024
98,Part-time,53350,"Gym membership, Health insurance, Vision insurance",False,https://www.hart.com/,12/25/2024,12/26/2024
99,Part-time,75292,"Health insurance, Dental insurance, Professional development assistance",True,http://www.smith.com/,12/25/2024,12/26/2024
100,Full-time,45732,"Health insurance, Dental insurance, Professional development assistance",True,http://james.biz/,12/25/2024,12/26/2024
101,Internship,101610,"Remote work options, Professional development assistance, Childcare benefits",True,https://www.sparks.org/,12/25/2024,12/26/2024
102,Part-time,57919,"Paid time off, Retirement plan, Parental leave",True,http://martinez.com/,12/25/2024,12/26/2024
103,Part-time,84970,"Paid time off, Retirement plan, Parental leave",False,http://www.bishop-gardner.net/,12/25/2024,12/26/2024
104,Full-time,93920,"Gym membership, Health insurance, Vision insurance",False,http://www.lloyd-simon.net/,12/25/2024,12/26/2024
105,Internship,57159,"Paid time off, Retirement plan, Parental leave",False,http://davis.net/,12/25/2024,12/26/2024
106,Full-time,126235,"Remote work options, Professional development assistance, Childcare benefits",False,https://www.smith.info/,12/25/2024,12/26/2024
107,Full-time,133183,"Gym membership, Health insurance, Vision insurance",False,http://www.hughes.org/,12/25/2024,12/26/2024
108,Full-time,113701,"Paid time off, Retirement plan, Parental leave",True,https://white-nguyen.com/,12/25/2024,12/26/2024
109,Contract,41411,"Paid time off, Retirement plan, Parental leave",False,https://bell.info/,12/25/2024,12/26/2024
110,Contract,62120,"Paid time off, Retirement plan, Parental leave",False,http://www.davis.net/,12/25/2024,12/26/2024
111,Full-time,114404,"Gym membership, Health insurance, Vision insurance",True,http://www.larson.com/,12/25/2024,12/26/2024
112,Internship,44023,"Gym membership, Health insurance, Vision insurance",False,https://delacruz-matthews.com/,12/25/2024,12/26/2024
113,Part-time,131564,"Gym membership, Health insurance, Vision insurance",False,https://www.barnes.com/,12/25/2024,12/26/2024
114,Internship,62547,"Gym membership, Health insurance, Vision insurance",True,https://www.newman-rangel.net/,12/25/2024,12/26/2024
115,Contract,134945,"Paid time off, Retirement plan, Parental leave",False,https://lucero-watts.com/,12/25/2024,12/26/2024
116,Part-time,121827,"Gym membership, Health insurance, Vision insurance",False,http://www.calderon.info/,12/25/2024,12/26/2024
117,Full-time,125864,"Gym membership, Health insurance, Vision insurance",False,https://www.murphy-smith.com/,12/25/2024,12/26/2024
118,Full-time,136333,"Gym membership, Health insurance, Vision insurance",False,http://www.pratt.com/,12/25/2024,12/26/2024
119,Full-time,129806,"Paid time off, Retirement plan, Parental leave",False,http://www.le.com/,12/25/2024,12/26/2024
120,Contract,94755,"Remote work options, Professional development assistance, Childcare benefits",False,http://www.mcclain-murillo.info/,12/25/2024,12/26/2024
121,Contract,131756,"Paid time off, Retirement plan, Parental leave",True,https://clark.com/,12/25/2024,12/26/2024
122,Internship,134428,"Paid time off, Retirement plan, Parental leave",True,https://roberts.com/,12/25/2024,12/26/2024
123,Full-time,61717,"Gym membership, Health insurance, Vision insurance",True,https://www.keith.com/,12/25/2024,12/26/2024
124,Full-time,121877,"Paid time off, Retirement plan, Parental leave",False,http://wells-powell.com/,12/25/2024,12/26/2024
125,Contract,94545,"Paid time off, Retirement plan, Parental leave",True,http://serrano-jones.com/,12/25/2024,12/26/2024
126,Contract,64992,"Remote work options, Professional development assistance, Childcare benefits",True,http://www.lewis-gray.com/,12/25/2024,12/26/2024
127,Part-time,82035,"Health insurance, Dental insurance, Professional development assistance",False,https://www.carroll-burns.net/,12/25/2024,12/26/2024
128,Full-time,125690,"Gym membership, Health insurance, Vision insurance",True,http://www.gonzales.biz/,12/25/2024,12/26/2024
129,Full-time,79897,"Health insurance, Dental insurance, Professional development assistance",False,http://www.jones.com/,12/25/2024,12/26/2024
130,Contract,66684,"Paid time off, Retirement plan, Parental leave",True,http://mathews-jones.com/,12/25/2024,12/26/2024
131,Internship,134390,"Paid time off, Retirement plan, Parental leave",False,http://ball.biz/,12/25/2024,12/26/2024
132,Full-time,65715,"Health insurance, Dental insurance, Professional development assistance",True,https://bennett.com/,12/25/2024,12/26/2024
133,Full-time,130604,"Health insurance, Dental insurance, Professional development assistance",True,http://howard.com/,12/25/2024,12/26/2024
134,Full-time,98731,"Remote work options, Professional development assistance, Childcare benefits",True,http://davis.org/,12/25/2024,12/26/2024
135,Contract,79943,"Health insurance, Dental insurance, Professional development assistance",True,https://harris.info/,12/25/2024,12/26/2024
136,Internship,41734,"Gym membership, Health insurance, Vision insurance",True,https://riley.com/,12/25/2024,12/26/2024
137,Part-time,75272,"Paid time off, Retirement plan, Parental leave",False,http://yates.com/,12/25/2024,12/26/2024
138,Full-time,64334,"Paid time off, Retirement plan, Parental leave",False,http://ward-ellis.com/,12/25/2024,12/26/2024
139,Part-time,99254,"Gym membership, Health insurance, Vision insurance",False,https://www.smith.info/,12/25/2024,12/26/2024
140,Full-time,148859,"Paid time off, Retirement plan, Parental leave",False,http://www.sandoval.biz/,12/25/2024,12/26/2024
141,Contract,71219,"Health insurance, Dental insurance, Professional development assistance",True,https://www.curry.com/,12/25/2024,12/26/2024
142,Full-time,93681,"Health insurance, Dental insurance, Professional development assistance",False,http://fuller-carr.info/,12/25/2024,12/26/2024
143,Internship,72350,"Gym membership, Health insurance, Vision insurance",False,https://wall.com/,12/25/2024,12/26/2024
144,Full-time,44476,"Health insurance, Dental insurance, Professional development assistance",False,https://gordon.com/,12/25/2024,12/26/2024
145,Internship,58275,"Paid time off, Retirement plan, Parental leave",False,https://www.lucas.com/,12/25/2024,12/26/2024
146,Contract,45038,"Remote work options, Professional development assistance, Childcare benefits",True,https://www.myers.info/,12/25/2024,12/26/2024
147,Full-time,44721,"Remote work options, Professional development assistance, Childcare benefits",True,http://www.robertson.net/,12/25/2024,12/26/2024
148,Contract,92810,"Gym membership, Health insurance, Vision insurance",False,http://randall.com/,12/25/2024,12/26/2024
149,Internship,94189,"Gym membership, Health insurance, Vision insurance",False,http://clark.com/,12/25/2024,12/26/2024
150,Internship,105243,"Paid time off, Retirement plan, Parental leave",False,https://www.williams.com/,12/25/2024,12/26/2024
151,Internship,147634,"Remote work options, Professional development assistance, Childcare benefits",True,http://www.morrison.com/,12/25/2024,12/26/2024
152,Part-time,140651,"Gym membership, Health insurance, Vision insurance",True,https://hernandez-smith.info/,12/25/2024,12/26/2024
153,Full-time,92362,"Remote work options, Professional development assistance, Childcare benefits",True,https://www.turner.com/,12/25/2024,12/26/2024
154,Full-time,61579,"Health insurance, Dental insurance, Professional development assistance",False,http://www.barrett.com/,12/25/2024,12/26/2024
155,Full-time,61262,"Remote work options, Professional development assistance, Childcare benefits",True,https://www.lee-saunders.com/,12/25/2024,12/26/2024
156,Part-time,111581,"Paid time off, Retirement plan, Parental leave",True,https://www.martin.com/,12/25/2024,12/26/2024
157,Part-time,105166,"Gym membership, Health insurance, Vision insurance",True,http://massey-spencer.com/,12/25/2024,12/26/2024
158,Full-time,136367,"Paid time off, Retirement plan, Parental leave",True,http://www.novak.com/,12/25/2024,12/26/2024
159,Internship,127520,"Remote work options, Professional development assistance, Childcare benefits",True,http://fuentes.com/,12/25/2024,12/26/2024
160,Internship,128322,"Health insurance, Dental insurance, Professional development assistance",False,https://roberts-west.com/,12/25/2024,12/26/2024
161,Full-time,117509,"Remote work options, Professional development assistance, Childcare benefits",False,http://burton-humphrey.com/,12/25/2024,12/26/2024
162,Part-time,70758,"Gym membership, Health insurance, Vision insurance",False,https://www.sanders.com/,12/25/2024,12/26/2024
163,Part-time,113955,"Gym membership, Health insurance, Vision insurance",True,https://www.benjamin-mcclure.com/,12/25/2024,12/26/2024
164,Internship,99948,"Paid time off, Retirement plan, Parental leave",True,https://www.phillips.com/,12/25/2024,12/26/2024
165,Part-time,64811,"Gym membership, Health insurance, Vision insurance",True,http://www.schroeder.info/,12/25/2024,12/26/2024
166,Full-time,56023,"Remote work options, Professional development assistance, Childcare benefits",False,http://www.prince.com/,12/25/2024,12/26/2024
167,Part-time,59678,"Paid time off, Retirement plan, Parental leave",False,https://price.com/,12/25/2024,12/26/2024
168,Full-time,93556,"Health insurance, Dental insurance, Professional development assistance",False,http://cole.com/,12/25/2024,12/26/2024
169,Internship,133142,"Gym membership, Health insurance, Vision insurance",True,https://mccoy.com/,12/25/2024,12/26/2024
170,Contract,137482,"Gym membership, Health insurance, Vision insurance",True,https://www.moran.info/,12/25/2024,12/26/2024
171,Full-time,134465,"Health insurance, Dental insurance, Professional development assistance",True,https://johnson.com/,12/25/2024,12/26/2024
172,Internship,40429,"Gym membership, Health insurance, Vision insurance",True,http://www.powers.info/,12/25/2024,12/26/2024
173,Full-time,131740,"Remote work options, Professional development assistance, Childcare benefits",False,https://williams.com/,12/25/2024,12/26/2024
174,Full-time,121013,"Remote work options, Professional development assistance, Childcare benefits",True,http://www.cabrera.info/,12/25/2024,12/26/2024
175,Internship,147012,"Health insurance, Dental insurance, Professional development assistance",True,http://www.mathis-logan.com/,12/25/2024,12/26/2024
176,Contract,117012,"Health insurance, Dental insurance, Professional development assistance",False,https://fisher.com/,12/25/2024,12/26/2024
177,Full-time,145280,"Health insurance, Dental insurance, Professional development assistance",True,http://www.james.com/,12/25/2024,12/26/2024
178,Internship,73339,"Health insurance, Dental insurance, Professional development assistance",True,http://www.davis.com/,12/25/2024,12/26/2024
179,Internship,146730,"Remote work options, Professional development assistance, Childcare benefits",True,https://brady-warner.com/,12/25/2024,12/26/2024
180,Full-time,45537,"Health insurance, Dental insurance, Professional development assistance",True,https://patel.com/,12/25/2024,12/26/2024
181,Contract,57020,"Paid time off, Retirement plan, Parental leave",False,https://powell.com/,12/25/2024,12/26/2024
182,Full-time,128404,"Health insurance, Dental insurance, Professional development assistance",True,http://bowen-bailey.info/,12/25/2024,12/26/2024
183,Full-time,141414,"Gym membership, Health insurance, Vision insurance",False,http://rivera.biz/,12/25/2024,12/26/2024
184,Part-time,64820,"Paid time off, Retirement plan, Parental leave",False,https://reid-barnes.com/,12/25/2024,12/26/2024
185,Part-time,112851,"Remote work options, Professional development assistance, Childcare benefits",True,http://nelson.com/,12/25/2024,12/26/2024
186,Part-time,61011,"Health insurance, Dental insurance, Professional development assistance",False,http://lee.com/,12/25/2024,12/26/2024
187,Full-time,45368,"Remote work options, Professional development assistance, Childcare benefits",True,http://dillon.com/,12/25/2024,12/26/2024
188,Contract,102479,"Paid time off, Retirement plan, Parental leave",False,https://www.snyder.com/,12/25/2024,12/26/2024
189,Contract,79926,"Gym membership, Health insurance, Vision insurance",False,https://johns-bender.org/,12/25/2024,12/26/2024
190,Contract,90230,"Health insurance, Dental insurance, Professional development assistance",False,http://www.wallace-gonzales.com/,12/25/2024,12/26/2024
191,Internship,147608,"Health insurance, Dental insurance, Professional development assistance",True,https://www.hicks.com/,12/25/2024,12/26/2024
192,Contract,85853,"Health insurance, Dental insurance, Professional development assistance",True,https://www.vaughan-brock.com/,12/25/2024,12/26/2024
193,Internship,75755,"Remote work options, Professional development assistance, Childcare benefits",True,https://www.hoover.com/,12/25/2024,12/26/2024
194,Internship,62309,"Remote work options, Professional development assistance, Childcare benefits",True,https://www.jones.com/,12/25/2024,12/26/2024
195,Part-time,109047,"Remote work options, Professional development assistance, Childcare benefits",True,https://nichols.com/,12/25/2024,12/26/2024
196,Contract,45910,"Health insurance, Dental insurance, Professional development assistance",False,http://www.doyle-kennedy.com/,12/25/2024,12/26/2024
197,Contract,49341,"Paid time off, Retirement plan, Parental leave",False,https://cordova.com/,12/25/2024,12/26/2024
198,Contract,82706,"Remote work options, Professional development assistance, Childcare benefits",True,http://dixon.com/,12/25/2024,12/26/2024
199,Contract,114849,"Remote work options, Professional development assistance, Childcare benefits",False,http://www.wolfe.com/,12/25/2024,12/26/2024
200,Contract,79981,"Remote work options, Professional development assistance, Childcare benefits",True,https://kidd.com/,12/25/2024,12/26/2024
201,Contract,144763,"Remote work options, Professional development assistance, Childcare benefits",True,https://www.brown-harrison.info/,12/25/2024,12/26/2024
202,Internship,107976,"Paid time off, Retirement plan, Parental leave",False,http://www.russell-buck.com/,12/25/2024,12/26/2024
203,Full-time,49975,"Gym membership, Health insurance, Vision insurance",False,http://moore-snyder.com/,12/25/2024,12/26/2024
204,Contract,78012,"Health insurance, Dental insurance, Professional development assistance",False,http://phillips-hernandez.com/,12/25/2024,12/26/2024
205,Internship,101720,"Remote work options, Professional development assistance, Childcare benefits",True,https://www.martinez.com/,12/25/2024,12/26/2024
206,Part-time,108815,"Health insurance, Dental insurance, Professional development assistance",False,http://www.middleton-tate.info/,12/25/2024,12/26/2024
207,Full-time,88420,"Gym membership, Health insurance, Vision insurance",False,https://kim-munoz.com/,12/25/2024,12/26/2024
208,Part-time,113728,"Remote work options, Professional development assistance, Childcare benefits",True,https://www.booker-hampton.com/,12/25/2024,12/26/2024
209,Internship,119709,"Health insurance, Dental insurance, Professional development assistance",True,https://mason.biz/,12/25/2024,12/26/2024
210,Internship,137836,"Paid time off, Retirement plan, Parental leave",False,https://www.bullock-rios.com/,12/25/2024,12/26/2024
211,Contract,80019,"Remote work options, Professional development assistance, Childcare benefits",True,https://www.daugherty-lopez.net/,12/25/2024,12/26/2024
212,Contract,106777,"Remote work options, Professional development assistance, Childcare benefits",False,http://www.boyd-scott.com/,12/25/2024,12/26/2024
213,Internship,96674,"Gym membership, Health insurance, Vision insurance",False,http://www.diaz.com/,12/25/2024,12/26/2024
214,Part-time,143497,"Remote work options, Professional development assistance, Childcare benefits",False,http://www.mahoney-farmer.info/,12/25/2024,12/26/2024
215,Contract,136481,"Remote work options, Professional development assistance, Childcare benefits",True,http://www.kelly.com/,12/25/2024,12/26/2024
216,Internship,109370,"Remote work options, Professional development assistance, Childcare benefits",True,http://beltran.org/,12/25/2024,12/26/2024
217,Part-time,62838,"Health insurance, Dental insurance, Professional development assistance",True,https://www.lee-brown.com/,12/25/2024,12/26/2024
218,Contract,48377,"Gym membership, Health insurance, Vision insurance",True,http://www.martin.com/,12/25/2024,12/26/2024
219,Full-time,115446,"Health insurance, Dental insurance, Professional development assistance",True,http://www.anderson.com/,12/25/2024,12/26/2024
220,Part-time,147955,"Health insurance, Dental insurance, Professional development assistance",True,https://www.smith.com/,12/25/2024,12/26/2024
221,Part-time,99818,"Remote work options, Professional development assistance, Childcare benefits",False,https://fischer.biz/,12/25/2024,12/26/2024
222,Part-time,57505,"Gym membership, Health insurance, Vision insurance",True,https://bradley.com/,12/25/2024,12/26/2024
223,Full-time,110848,"Health insurance, Dental insurance, Professional development assistance",False,https://walker-page.com/,12/25/2024,12/26/2024
224,Contract,117541,"Paid time off, Retirement plan, Parental leave",True,http://www.smith.biz/,12/25/2024,12/26/2024
225,Contract,117302,"Gym membership, Health insurance, Vision insurance",True,http://mason.com/,12/25/2024,12/26/2024
226,Full-time,93613,"Paid time off, Retirement plan, Parental leave",False,https://jones.net/,12/25/2024,12/26/2024
227,Part-time,105337,"Health insurance, Dental insurance, Professional development assistance",False,https://www.foster.net/,12/25/2024,12/26/2024
228,Part-time,47687,"Gym membership, Health insurance, Vision insurance",False,http://www.taylor.net/,12/25/2024,12/26/2024
229,Part-time,131904,"Health insurance, Dental insurance, Professional development assistance",False,http://long.com/,12/25/2024,12/26/2024
230,Full-time,114632,"Gym membership, Health insurance, Vision insurance",False,https://mcdaniel.biz/,12/25/2024,12/26/2024
231,Full-time,147039,"Gym membership, Health insurance, Vision insurance",False,https://hancock.com/,12/25/2024,12/26/2024
232,Part-time,146327,"Paid time off, Retirement plan, Parental leave",False,https://smith.info/,12/25/2024,12/26/2024
233,Full-time,64864,"Health insurance, Dental insurance, Professional development assistance",True,http://www.nguyen-thompson.com/,12/25/2024,12/26/2024
234,Part-time,83281,"Health insurance, Dental insurance, Professional development assistance",False,http://norman.com/,12/25/2024,12/26/2024
235,Full-time,131800,"Paid time off, Retirement plan, Parental leave",False,http://www.anderson-moore.com/,12/25/2024,12/26/2024
236,Internship,40753,"Gym membership, Health insurance, Vision insurance",False,https://castaneda.com/,12/25/2024,12/26/2024
237,Internship,91469,"Paid time off, Retirement plan, Parental leave",True,http://www.li.com/,12/25/2024,12/26/2024
238,Full-time,96285,"Health insurance, Dental insurance, Professional development assistance",False,http://www.baker.com/,12/25/2024,12/26/2024
239,Contract,59966,"Gym membership, Health insurance, Vision insurance",True,https://www.harmon-mayo.com/,12/25/2024,12/26/2024
240,Contract,53398,"Gym membership, Health insurance, Vision insurance",False,https://www.hall.com/,12/25/2024,12/26/2024
241,Contract,51202,"Remote work options, Professional development assistance, Childcare benefits",True,http://wilson.org/,12/25/2024,12/26/2024
242,Contract,142318,"Health insurance, Dental insurance, Professional development assistance",False,https://jackson-larsen.biz/,12/25/2024,12/26/2024
243,Internship,111916,"Remote work options, Professional development assistance, Childcare benefits",True,https://velez-berry.com/,12/25/2024,12/26/2024
244,Contract,53966,"Health insurance, Dental insurance, Professional development assistance",False,https://www.lane.org/,12/25/2024,12/26/2024
245,Contract,70584,"Gym membership, Health insurance, Vision insurance",False,https://caldwell-wilson.com/,12/25/2024,12/26/2024
246,Full-time,65175,"Paid time off, Retirement plan, Parental leave",True,https://collier.com/,12/25/2024,12/26/2024
247,Part-time,114213,"Remote work options, Professional development assistance, Childcare benefits",False,https://www.meyer.com/,12/25/2024,12/26/2024
248,Internship,135226,"Remote work options, Professional development assistance, Childcare benefits",True,https://russell.com/,12/25/2024,12/26/2024
249,Part-time,51094,"Paid time off, Retirement plan, Parental leave",True,https://clements.com/,12/25/2024,12/26/2024
250,Contract,135417,"Paid time off, Retirement plan, Parental leave",False,https://gonzalez.com/,12/25/2024,12/26/2024
251,Contract,91176,"Gym membership, Health insurance, Vision insurance",False,http://bolton.com/,12/25/2024,12/26/2024
252,Internship,62889,"Remote work options, Professional development assistance, Childcare benefits",False,https://www.davis.com/,12/25/2024,12/26/2024
253,Full-time,53214,"Paid time off, Retirement plan, Parental leave",False,https://www.shaw.com/,12/25/2024,12/26/2024
254,Full-time,120717,"Paid time off, Retirement plan, Parental leave",True,https://johnston.com/,12/25/2024,12/26/2024
255,Part-time,52010,"Remote work options, Professional development assistance, Childcare benefits",True,http://griffith.com/,12/25/2024,12/26/2024
256,Contract,60777,"Health insurance, Dental insurance, Professional development assistance",True,https://fuentes.com/,12/25/2024,12/26/2024
257,Contract,87717,"Health insurance, Dental insurance, Professional development assistance",False,http://shaw.com/,12/25/2024,12/26/2024
258,Part-time,41298,"Paid time off, Retirement plan, Parental leave",False,http://www.smith-cruz.biz/,12/25/2024,12/26/2024
259,Contract,113944,"Remote work options, Professional development assistance, Childcare benefits",True,https://www.contreras.org/,12/25/2024,12/26/2024
260,Internship,122136,"Paid time off, Retirement plan, Parental leave",True,http://www.pacheco.com/,12/25/2024,12/26/2024
261,Part-time,103654,"Health insurance, Dental insurance, Professional development assistance",False,http://walker.com/,12/25/2024,12/26/2024
262,Contract,114827,"Health insurance, Dental insurance, Professional development assistance",True,http://edwards-gibson.biz/,12/25/2024,12/26/2024
263,Internship,139669,"Gym membership, Health insurance, Vision insurance",False,http://reyes-miller.org/,12/25/2024,12/26/2024
264,Full-time,52026,"Paid time off, Retirement plan, Parental leave",False,https://ali.biz/,12/25/2024,12/26/2024
265,Part-time,80734,"Remote work options, Professional development assistance, Childcare benefits",True,http://www.garcia-middleton.com/,12/25/2024,12/26/2024
266,Full-time,141263,"Remote work options, Professional development assistance, Childcare benefits",False,http://www.jones.biz/,12/25/2024,12/26/2024
267,Contract,94335,"Health insurance, Dental insurance, Professional development assistance",False,http://www.hopkins.com/,12/25/2024,12/26/2024
268,Full-time,60158,"Gym membership, Health insurance, Vision insurance",False,http://www.wheeler.com/,12/25/2024,12/26/2024
269,Full-time,90123,"Gym membership, Health insurance, Vision insurance",True,http://www.ray-phillips.com/,12/25/2024,12/26/2024
270,Contract,135494,"Remote work options, Professional development assistance, Childcare benefits",True,https://hernandez-miller.com/,12/25/2024,12/26/2024
271,Contract,112261,"Gym membership, Health insurance, Vision insurance",False,https://www.vasquez.net/,12/25/2024,12/26/2024
272,Full-time,143319,"Remote work options, Professional development assistance, Childcare benefits",True,http://burke.com/,12/25/2024,12/26/2024
273,Part-time,74717,"Paid time off, Retirement plan, Parental leave",True,http://www.robinson-parker.com/,12/25/2024,12/26/2024
274,Part-time,108759,"Paid time off, Retirement plan, Parental leave",False,http://gross-kim.com/,12/25/2024,12/26/2024
275,Internship,80472,"Remote work options, Professional development assistance, Childcare benefits",True,http://may.net/,12/25/2024,12/26/2024
276,Full-time,93206,"Health insurance, Dental insurance, Professional development assistance",False,https://www.smith.com/,12/25/2024,12/26/2024
277,Contract,97942,"Gym membership, Health insurance, Vision insurance",False,https://www.rogers-patel.biz/,12/25/2024,12/26/2024
278,Contract,56828,"Remote work options, Professional development assistance, Childcare benefits",True,http://hernandez.com/,12/25/2024,12/26/2024
279,Part-time,82782,"Remote work options, Professional development assistance, Childcare benefits",False,http://www.lawson.com/,12/25/2024,12/26/2024
280,Full-time,110167,"Paid time off, Retirement plan, Parental leave",False,http://www.golden.info/,12/25/2024,12/26/2024
281,Full-time,103897,"Gym membership, Health insurance, Vision insurance",True,http://www.mckinney-neal.com/,12/25/2024,12/26/2024
282,Full-time,124533,"Gym membership, Health insurance, Vision insurance",True,https://www.young.com/,12/25/2024,12/26/2024
283,Contract,43675,"Health insurance, Dental insurance, Professional development assistance",True,http://www.marsh.com/,12/25/2024,12/26/2024
284,Contract,70640,"Health insurance, Dental insurance, Professional development assistance",False,http://www.ramos.com/,12/25/2024,12/26/2024
285,Contract,98060,"Health insurance, Dental insurance, Professional development assistance",True,http://www.alvarez.info/,12/25/2024,12/26/2024
286,Internship,126084,"Gym membership, Health insurance, Vision insurance",False,https://www.frye.net/,12/25/2024,12/26/2024
287,Contract,83546,"Paid time off, Retirement plan, Parental leave",False,http://wilson-kelly.net/,12/25/2024,12/26/2024
288,Contract,97329,"Paid time off, Retirement plan, Parental leave",True,https://www.maddox-young.net/,12/25/2024,12/26/2024
289,Internship,68327,"Health insurance, Dental insurance, Professional development assistance",True,https://allen.com/,12/25/2024,12/26/2024
290,Contract,142081,"Remote work options, Professional development assistance, Childcare benefits",True,https://www.fisher-ward.org/,12/25/2024,12/26/2024
291,Part-time,51061,"Health insurance, Dental insurance, Professional development assistance",True,https://carr.com/,12/25/2024,12/26/2024
292,Full-time,135900,"Remote work options, Professional development assistance, Childcare benefits",False,https://www.barnes.biz/,12/25/2024,12/26/2024
293,Contract,51230,"Gym membership, Health insurance, Vision insurance",False,https://www.davis-strickland.org/,12/25/2024,12/26/2024
294,Internship,97931,"Paid time off, Retirement plan, Parental leave",False,http://www.watson.org/,12/25/2024,12/26/2024
295,Full-time,134199,"Paid time off, Retirement plan, Parental leave",False,http://www.fisher.com/,12/25/2024,12/26/2024
296,Internship,65564,"Gym membership, Health insurance, Vision insurance",True,http://www.smith.com/,12/25/2024,12/26/2024
297,Internship,68805,"Paid time off, Retirement plan, Parental leave",False,http://www.lee-barber.com/,12/25/2024,12/26/2024
298,Internship,55158,"Remote work options, Professional development assistance, Childcare benefits",True,http://www.norman.com/,12/25/2024,12/26/2024
299,Internship,140412,"Paid time off, Retirement plan, Parental leave",False,https://www.lowery-bell.info/,12/25/2024,12/26/2024
300,Internship,131292,"Health insurance, Dental insurance, Professional development assistance",True,https://wilson.com/,12/25/2024,12/26/2024
301,Part-time,139350,"Gym membership, Health insurance, Vision insurance",False,https://moore.org/,12/25/2024,12/26/2024
302,Part-time,79317,"Health insurance, Dental insurance, Professional development assistance",False,https://campbell.com/,12/25/2024,12/26/2024
303,Internship,65007,"Gym membership, Health insurance, Vision insurance",True,http://www.allen.biz/,12/25/2024,12/26/2024
304,Internship,106176,"Gym membership, Health insurance, Vision insurance",False,https://rodriguez.biz/,12/25/2024,12/26/2024
305,Internship,108600,"Health insurance, Dental insurance, Professional development assistance",False,https://lawson.com/,12/25/2024,12/26/2024
306,Internship,81424,"Health insurance, Dental insurance, Professional development assistance",True,https://sanders.com/,12/25/2024,12/26/2024
307,Part-time,103129,"Paid time off, Retirement plan, Parental leave",False,http://boyle.com/,12/25/2024,12/26/2024
308,Part-time,106638,"Remote work options, Professional development assistance, Childcare benefits",True,http://www.chavez.com/,12/25/2024,12/26/2024
309,Full-time,148750,"Health insurance, Dental insurance, Professional development assistance",False,http://www.bonilla.info/,12/25/2024,12/26/2024
310,Full-time,62933,"Gym membership, Health insurance, Vision insurance",False,http://www.lee.info/,12/25/2024,12/26/2024
311,Internship,90285,"Gym membership, Health insurance, Vision insurance",True,https://nelson.net/,12/25/2024,12/26/2024
312,Part-time,137724,"Health insurance, Dental insurance, Professional development assistance",False,https://www.jones.info/,12/25/2024,12/26/2024
313,Internship,51241,"Paid time off, Retirement plan, Parental leave",False,https://farmer.com/,12/25/2024,12/26/2024
314,Full-time,102096,"Paid time off, Retirement plan, Parental leave",True,https://www.fisher.com/,12/25/2024,12/26/2024
315,Full-time,132174,"Health insurance, Dental insurance, Professional development assistance",True,https://barr.com/,12/25/2024,12/26/2024
316,Internship,113878,"Remote work options, Professional development assistance, Childcare benefits",False,http://spencer.biz/,12/25/2024,12/26/2024
317,Full-time,46114,"Paid time off, Retirement plan, Parental leave",False,http://www.ramirez.info/,12/25/2024,12/26/2024
318,Internship,103494,"Health insurance, Dental insurance, Professional development assistance",False,https://hernandez-kim.com/,12/25/2024,12/26/2024
319,Internship,140949,"Remote work options, Professional development assistance, Childcare benefits",False,https://www.kennedy.info/,12/25/2024,12/26/2024
320,Full-time,113977,"Health insurance, Dental insurance, Professional development assistance",True,http://www.jones.biz/,12/25/2024,12/26/2024
321,Part-time,57878,"Gym membership, Health insurance, Vision insurance",False,https://www.yoder-evans.info/,12/25/2024,12/26/2024
322,Full-time,59641,"Paid time off, Retirement plan, Parental leave",True,https://www.reeves.net/,12/25/2024,12/26/2024
323,Internship,51557,"Health insurance, Dental insurance, Professional development assistance",True,https://www.garcia.info/,12/25/2024,12/26/2024
324,Full-time,123096,"Health insurance, Dental insurance, Professional development assistance",False,http://robinson-thompson.org/,12/25/2024,12/26/2024
325,Part-time,128576,"Remote work options, Professional development assistance, Childcare benefits",True,http://beard.com/,12/25/2024,12/26/2024
326,Part-time,46041,"Remote work options, Professional development assistance, Childcare benefits",False,https://rivera-stewart.info/,12/25/2024,12/26/2024
327,Contract,54979,"Paid time off, Retirement plan, Parental leave",False,https://www.hansen-zavala.com/,12/25/2024,12/26/2024
328,Contract,130868,"Gym membership, Health insurance, Vision insurance",True,https://brown.net/,12/25/2024,12/26/2024
329,Contract,62963,"Health insurance, Dental insurance, Professional development assistance",True,https://www.taylor.com/,12/25/2024,12/26/2024
330,Part-time,134085,"Remote work options, Professional development assistance, Childcare benefits",True,http://www.perkins.com/,12/25/2024,12/26/2024
331,Internship,130224,"Gym membership, Health insurance, Vision insurance",True,https://www.jordan.com/,12/25/2024,12/26/2024
332,Part-time,132531,"Paid time off, Retirement plan, Parental leave",False,http://martinez-williams.biz/,12/25/2024,12/26/2024
333,Internship,72483,"Health insurance, Dental insurance, Professional development assistance",False,http://atkins-nguyen.org/,12/25/2024,12/26/2024
334,Full-time,57087,"Health insurance, Dental insurance, Professional development assistance",False,http://www.randolph.info/,12/25/2024,12/26/2024
335,Part-time,104550,"Gym membership, Health insurance, Vision insurance",True,https://www.arnold.com/,12/25/2024,12/26/2024
336,Contract,85857,"Paid time off, Retirement plan, Parental leave",True,https://www.stevens-adams.com/,12/25/2024,12/26/2024
337,Part-time,124513,"Paid time off, Retirement plan, Parental leave",False,http://www.schwartz-hurst.com/,12/25/2024,12/26/2024
338,Internship,103886,"Paid time off, Retirement plan, Parental leave",False,http://www.sandoval.com/,12/25/2024,12/26/2024
339,Contract,110900,"Gym membership, Health insurance, Vision insurance",False,https://erickson-wilkerson.com/,12/25/2024,12/26/2024
340,Contract,131249,"Remote work options, Professional development assistance, Childcare benefits",True,https://www.hunter-barnes.biz/,12/25/2024,12/26/2024
341,Contract,88875,"Paid time off, Retirement plan, Parental leave",False,https://gonzalez.com/,12/25/2024,12/26/2024
342,Contract,55293,"Gym membership, Health insurance, Vision insurance",False,https://www.davis.info/,12/25/2024,12/26/2024
343,Contract,144259,"Paid time off, Retirement plan, Parental leave",False,http://www.montoya-hutchinson.com/,12/25/2024,12/26/2024
344,Contract,123481,"Gym membership, Health insurance, Vision insurance",True,http://cline.biz/,12/25/2024,12/26/2024
345,Part-time,119333,"Health insurance, Dental insurance, Professional development assistance",True,http://bryant-cisneros.com/,12/25/2024,12/26/2024
346,Internship,53705,"Gym membership, Health insurance, Vision insurance",True,https://www.mathis-rodriguez.biz/,12/25/2024,12/26/2024
347,Internship,88935,"Paid time off, Retirement plan, Parental leave",False,https://ryan.net/,12/25/2024,12/26/2024
348,Internship,132845,"Paid time off, Retirement plan, Parental leave",True,http://mcpherson-smith.info/,12/25/2024,12/26/2024
349,Contract,40368,"Health insurance, Dental insurance, Professional development assistance",False,https://brown.org/,12/25/2024,12/26/2024
350,Contract,146941,"Paid time off, Retirement plan, Parental leave",True,http://anderson-lynn.com/,12/25/2024,12/26/2024
351,Full-time,41969,"Remote work options, Professional development assistance, Childcare benefits",True,http://gordon.com/,12/25/2024,12/26/2024
352,Internship,88165,"Remote work options, Professional development assistance, Childcare benefits",False,http://greene.org/,12/25/2024,12/26/2024
353,Full-time,86218,"Health insurance, Dental insurance, Professional development assistance",False,http://rodriguez.com/,12/25/2024,12/26/2024
354,Internship,81926,"Health insurance, Dental insurance, Professional development assistance",False,https://scott-cook.com/,12/25/2024,12/26/2024
355,Contract,115817,"Health insurance, Dental insurance, Professional development assistance",True,https://www.harris-stewart.biz/,12/25/2024,12/26/2024
356,Internship,115068,"Gym membership, Health insurance, Vision insurance",False,https://www.cook-reed.info/,12/25/2024,12/26/2024
357,Contract,49489,"Health insurance, Dental insurance, Professional development assistance",True,https://www.walsh-thomas.com/,12/25/2024,12/26/2024
358,Part-time,120455,"Paid time off, Retirement plan, Parental leave",True,https://sanchez.com/,12/25/2024,12/26/2024
359,Internship,147916,"Gym membership, Health insurance, Vision insurance",False,https://www.wells-chavez.org/,12/25/2024,12/26/2024
360,Full-time,122599,"Health insurance, Dental insurance, Professional development assistance",True,http://www.chen.com/,12/25/2024,12/26/2024
361,Contract,57417,"Remote work options, Professional development assistance, Childcare benefits",True,https://www.williams.com/,12/25/2024,12/26/2024
362,Contract,135122,"Gym membership, Health insurance, Vision insurance",True,https://www.parks-thomas.com/,12/25/2024,12/26/2024
363,Contract,98422,"Gym membership, Health insurance, Vision insurance",False,http://evans-alvarado.net/,12/25/2024,12/26/2024
364,Internship,84664,"Remote work options, Professional development assistance, Childcare benefits",True,https://torres-freeman.com/,12/25/2024,12/26/2024
365,Part-time,114481,"Gym membership, Health insurance, Vision insurance",False,https://lewis.info/,12/25/2024,12/26/2024
366,Part-time,125873,"Health insurance, Dental insurance, Professional development assistance",True,https://benson.com/,12/25/2024,12/26/2024
367,Part-time,128760,"Remote work options, Professional development assistance, Childcare benefits",True,http://carter.com/,12/25/2024,12/26/2024
368,Part-time,112388,"Remote work options, Professional development assistance, Childcare benefits",True,http://sanchez-smith.com/,12/25/2024,12/26/2024
369,Part-time,134048,"Gym membership, Health insurance, Vision insurance",True,https://morgan.com/,12/25/2024,12/26/2024
370,Internship,90363,"Health insurance, Dental insurance, Professional development assistance",False,https://woodward-massey.com/,12/25/2024,12/26/2024
371,Full-time,147052,"Paid time off, Retirement plan, Parental leave",False,http://www.booth-cummings.com/,12/25/2024,12/26/2024
372,Contract,62523,"Health insurance, Dental insurance, Professional development assistance",False,https://www.gonzalez.org/,12/25/2024,12/26/2024
373,Full-time,134210,"Health insurance, Dental insurance, Professional development assistance",True,https://www.powell.net/,12/25/2024,12/26/2024
374,Full-time,147078,"Health insurance, Dental insurance, Professional development assistance",False,https://murray.com/,12/25/2024,12/26/2024
375,Contract,72386,"Health insurance, Dental insurance, Professional development assistance",True,https://griffin.com/,12/25/2024,12/26/2024
376,Contract,51717,"Paid time off, Retirement plan, Parental leave",True,https://fernandez.info/,12/25/2024,12/26/2024
377,Internship,106012,"Gym membership, Health insurance, Vision insurance",True,https://www.martin.com/,12/25/2024,12/26/2024
378,Internship,107761,"Paid time off, Retirement plan, Parental leave",True,https://stewart.biz/,12/25/2024,12/26/2024
379,Part-time,131489,"Paid time off, Retirement plan, Parental leave",True,http://ponce-mcgrath.com/,12/25/2024,12/26/2024
